Energy,Temperature
420,24
435,24
450,25
465,25
480,26
495,26
510,27
525,27
540,28
555,28
570,29
585,29
600,30
615,30
630,31
645,31
660,32
675,32
690,33
705,33
720,34
735,34
750,35
735,34
720,34
705,33
690,33
675,32
660,32
645,31
630,31
615,30
600,30
585,29
570,29
555,28
540,28
525,27
510,27
495,26
480,26
465,25
450,25
435,24
420,24
440,25
460,26
490,27
520,28
550,29
580,30
610,31
640,32
670,33
700,34
730,35
760,36
745,35
720,34
695,33
670,32
645,31
620,30
595,29
570,28
545,27
520,26
495,25
470,24
450,24
475,25
500,26
530,27
560,28
590,29
620,30
650,31
680,32
710,33
740,34
770,35
800,36
780,35
750,34
720,33
690,32
660,31
630,30
600,29
570,28
540,27
510,26
480,25
450,24